<?xml version="1.0" encoding="UTF-8"?>
<!DOCTYPE suite SYSTEM "http://testng.org/testng-1.0.dtd">
<suite name="All Test Suite" parallel="methods" thread-count="20">
    <listeners>
        <listener class-name="utilities.TestNgListener"></listener>
    </listeners>
    <test verbose="2" preserve-order="true" name="firefox test">
        <parameter name="browser" value="chrome"></parameter>
        <classes>
            <class name="tests.ExtentReportDemo"></class>
        </classes>
    </test>
</suite>