<?xml version="1.0" encoding="UTF-8"?>
<!DOCTYPE suite SYSTEM "http://testng.org/testng-1.0.dtd">
<suite name="All Test Suite">
    <test verbose="2" preserve-order="true" name="/Users/preethir/Downloads/fsd-4/jat-mvn-selenium">
        <classes>
            <class name="tests.GoogleQA">
            </class>
            <class name="tests.GoogleQA1">
                <methods>
                    <include name="test1"/>
                    <include name="test2"/>
                </methods>
            </class>
        </classes>
    </test>
</suite>